rom	point	metric	expected	lo	hi	kind	source
mi-memset-uncached	vi-on	ms_per_mib	25.7	25.65	25.75	check	n64brew MIPS_Interface, Repeat Mode, 'Memset benchmarks for 1MiB of data': 64bit uncached writes 25.7 ms (band = the table's 0.1 ms resolution)
mi-memset-uncached	vi-on	pclk_per_sd	18.38	18.346	18.418	check	n64brew MIPS_Interface, Repeat Mode, 'Memset benchmarks for 1MiB of data'; 25.7 ms x 93.75 MHz / 131072 SD (research/vr4300-wb.md 'Derivations from the n64brew memset benchmark'; plan T6)
mi-memset-cached	vi-on	ms_per_mib	49.8	49.75	49.85	check	n64brew MIPS_Interface, Repeat Mode, 'Memset benchmarks for 1MiB of data': 64bit cached writes 49.8 ms
mi-memset-cached	vi-on	pclk_per_line	71.24	71.17	71.31	check	n64brew MIPS_Interface, Repeat Mode, 'Memset benchmarks for 1MiB of data'; 49.8 ms x 93.75 MHz / 65536 lines (research/vr4300-wb.md; plan T6)
mi-memset-rspdma	vi-on	ms_per_mib	2.58	2.575	2.585	check	n64brew MIPS_Interface, Repeat Mode, 'Memset benchmarks for 1MiB of data': RSP DMA 2.58 ms
mi-memset-rspdma	vi-on	b_per_rclk	6.5	6.49	6.515	check	n64brew MIPS_Interface, Repeat Mode, 'Memset benchmarks for 1MiB of data'; 1 MiB / (2.58 ms x 62.5 MHz) (research/rdram-bus-arbitration.md B10)
mi-memset-repeat	vi-on	ms_per_mib	3.8	3.795	3.805	check	n64brew MIPS_Interface, Repeat Mode, 'Memset benchmarks for 1MiB of data': MI repeat 3.80 ms (without inline CACHE instructions)
sp-dma-sweep	wr-4096-off0	b_per_rclk	6.5	6.49	6.515	check	n64brew MIPS_Interface, Repeat Mode, 'Memset benchmarks for 1MiB of data': RSP DMA memset 6.5 B/rclk (research/rdram-bus-arbitration.md B10; plan T8). One transfer includes the setup and poll overhead the memset amortizes
sp-dma-sweep	rd-4096-off0	b_per_rclk	5.55	-	-	report	hcs64 'RSP DMA Transfer Rate' (2002) 3.7 B/pclk = 5.55 B/rclk, direction not stated, conflicts with n64brew 6.5 (research/rdram-bus-arbitration.md B10, research/dma-timing.md SP DMA)
sp-dma-sweep	wr-4096-off0	b_per_rclk	5.55	-	-	report	hcs64 'RSP DMA Transfer Rate' (2002) 3.7 B/pclk = 5.55 B/rclk, direction not stated, conflicts with n64brew 6.5 (research/rdram-bus-arbitration.md B10, research/dma-timing.md SP DMA)
pi-dma-sizes	cart-to-ram-8	rclk	193	191.07	194.93	check	n64-systembench @845635c src/main.c:589-592 expected table, cited number only (research/dma-timing.md 'Against systembench'; research/rdram-bus-arbitration.md B10); band ±1% per plan T8
pi-dma-sizes	cart-to-ram-128	rclk	1591	1575.09	1606.91	check	n64-systembench @845635c src/main.c:589-592 expected table, cited number only (research/dma-timing.md 'Against systembench'; research/rdram-bus-arbitration.md B10); band ±1% per plan T8
pi-dma-sizes	cart-to-ram-1024	rclk	12168	12046.32	12289.68	check	n64-systembench @845635c src/main.c:589-592 expected table, cited number only (research/dma-timing.md 'Against systembench'; research/rdram-bus-arbitration.md B10); band ±1% per plan T8
pi-dma-sizes	cart-to-ram-65536	rclk	777807	770028.93	785585.07	check	n64-systembench @845635c src/main.c:589-592 expected table, cited number only (research/dma-timing.md 'Against systembench'; research/rdram-bus-arbitration.md B10); band ±1% per plan T8
uncached-vs-hpos	bank5	outliers_per_line	1	1	1	check	n64brew RDRAM_Interface: refresh is one SetRR per VI HSYNC, RI_REFRESH CleanRefreshDelay 52 / DirtyRefreshDelay 54 rclk (research/rdram-bus-arbitration.md §4 Refresh and B12; research/vi-fetch.md); plan T11
uncached-vs-hpos	bank5	holdoff_rclk_max	53	52	54	report	n64brew RDRAM_Interface: refresh is one SetRR per VI HSYNC, RI_REFRESH CleanRefreshDelay 52 / DirtyRefreshDelay 54 rclk (research/rdram-bus-arbitration.md §4 Refresh and B12; research/vi-fetch.md). The extra wait a load sees depends on where it lands in the holdoff
uncached-vs-hpos	bank5	median_pclk	32	-	-	report	nemu64-test cache.rs:288-382 uncached LW 32 pclk, other bank than VI (research/cpu-memory-costs.md); this sample also holds the MFC0/ADDU around the load
uncached-vs-hpos	bank2-vi	median_pclk	36	-	-	report	nemu64-test cache.rs:301-306 uncached LW 36 pclk in the VI framebuffer's bank (research/cpu-memory-costs.md); this sample also holds the MFC0/ADDU around the load
dirty-row-sweep	dirty-8	dirty_minus_clean_pclk	0	-	-	report	Same row: a row hit has no retry (research/rdram-bus-arbitration.md B7-B8)
dirty-row-sweep	dirty-800	dirty_minus_clean_pclk	3	-	-	report	NEC uPD488170L tRetrySensedDirty 30 tc - tRetrySensedClean 22 tc = 8 tc = 2 rclk = 3 pclk (research/rdram-bus-arbitration.md B8). Datasheet inference, no console measurement; systembench's equal seq/rand uncached reads suggest no CPU-visible row penalty (research/cpu-memory-costs.md)
dirty-row-sweep	dirty-1000	dirty_minus_clean_pclk	3	-	-	report	NEC uPD488170L tRetrySensedDirty 30 tc - tRetrySensedClean 22 tc = 8 tc = 2 rclk = 3 pclk (research/rdram-bus-arbitration.md B8). Datasheet inference, no console measurement; systembench's equal seq/rand uncached reads suggest no CPU-visible row penalty (research/cpu-memory-costs.md)
dirty-row-sweep	dirty-8000	dirty_minus_clean_pclk	3	-	-	report	NEC uPD488170L tRetrySensedDirty 30 tc - tRetrySensedClean 22 tc = 8 tc = 2 rclk = 3 pclk (research/rdram-bus-arbitration.md B8). Datasheet inference, no console measurement; systembench's equal seq/rand uncached reads suggest no CPU-visible row penalty (research/cpu-memory-costs.md)
dirty-row-sweep	dirty-40000	dirty_minus_clean_pclk	3	-	-	report	NEC uPD488170L tRetrySensedDirty 30 tc - tRetrySensedClean 22 tc = 8 tc = 2 rclk = 3 pclk (research/rdram-bus-arbitration.md B8). Datasheet inference, no console measurement; systembench's equal seq/rand uncached reads suggest no CPU-visible row penalty (research/cpu-memory-costs.md)
dirty-miss-isolated	clean-single	pclk	41	-	-	report	nemu64-test cache.rs:193-286 clean D-cache line fill 41 pclk VI off (research/cpu-memory-costs.md); this sample also holds the MFC0/ADDU around the load
dirty-miss-isolated	dirty-single	pclk	-	-	-	report	No hardware value. Manual order predicts about the clean fill (about 41), writeback-first about 67-71 (research/vr4300-wb.md open question 1; plan T6)
dirty-miss-isolated	dirty-gap0	dirty_minus_clean_pclk	-	-	-	report	No hardware value. Exposes the writeback occupancy, about 27-31 pclk by inference from the cached memset (research/vr4300-wb.md)
rdp-sync-sweep	pipe-256	per_sync_clk	50	49.5	50.5	check	n64brew Reality_Display_Processor/Pipeline: 'Pipe Sync waits the longest (50 cycles), followed by Tile Sync (33 cycles) and then Load Sync (25 cycles)' (research/rdp-command-timing.md; plan T12)
rdp-sync-sweep	rect-pipe-64	per_sync_clk	50	-	-	report	n64brew Reality_Display_Processor/Pipeline: 'Pipe Sync waits the longest (50 cycles), followed by Tile Sync (33 cycles) and then Load Sync (25 cycles)' (research/rdp-command-timing.md; plan T12). After an 8x1 rect, net of the rect-only list
rdp-sync-sweep	tile-256	per_sync_clk	33	32.5	33.5	check	n64brew Reality_Display_Processor/Pipeline: 'Pipe Sync waits the longest (50 cycles), followed by Tile Sync (33 cycles) and then Load Sync (25 cycles)' (research/rdp-command-timing.md; plan T12)
rdp-sync-sweep	rect-tile-64	per_sync_clk	33	-	-	report	n64brew Reality_Display_Processor/Pipeline: 'Pipe Sync waits the longest (50 cycles), followed by Tile Sync (33 cycles) and then Load Sync (25 cycles)' (research/rdp-command-timing.md; plan T12). After an 8x1 rect, net of the rect-only list
rdp-sync-sweep	load-256	per_sync_clk	25	24.5	25.5	check	n64brew Reality_Display_Processor/Pipeline: 'Pipe Sync waits the longest (50 cycles), followed by Tile Sync (33 cycles) and then Load Sync (25 cycles)' (research/rdp-command-timing.md; plan T12)
rdp-sync-sweep	rect-load-64	per_sync_clk	25	-	-	report	n64brew Reality_Display_Processor/Pipeline: 'Pipe Sync waits the longest (50 cycles), followed by Tile Sync (33 cycles) and then Load Sync (25 cycles)' (research/rdp-command-timing.md; plan T12). After an 8x1 rect, net of the rect-only list
rdp-setter-sweep	nop-4096	per_cmd_clk	1	0.5	1.5	check	n64brew Reality_Display_Processor/Pipeline: 'NOPs and attribute setters execute in just 1 pipeline cycle' (research/rdp-command-timing.md)
rdp-setter-sweep	prim-color-4096	per_cmd_clk	1	0.5	1.5	check	n64brew Reality_Display_Processor/Pipeline: 'NOPs and attribute setters execute in just 1 pipeline cycle' (research/rdp-command-timing.md)
rdp-setter-sweep	env-color-4096	per_cmd_clk	1	0.5	1.5	check	n64brew Reality_Display_Processor/Pipeline: 'NOPs and attribute setters execute in just 1 pipeline cycle' (research/rdp-command-timing.md)
rdp-setter-sweep	other-modes-4096	per_cmd_clk	1	0.5	1.5	check	n64brew Reality_Display_Processor/Pipeline: 'NOPs and attribute setters execute in just 1 pipeline cycle' (research/rdp-command-timing.md)
rdp-setter-sweep	prim-color-4096	per_cmd_clk	2.68	-	-	report	cen64 jgemu commit 50c9a7f SETTER sweep (11135-170)/4096 incl. fetch, reverted in abc292f; raw tables not public (research/jgemu-dpc-probe.md)
rdp-atomic-sweep	atomic1-64	per_prim_extra_clk	35	30	40	check	N64 Programming Manual 12.2.3: G_PM_1PRIMITIVE adds 'between 30 to 40 null cycles after the last span of a primitive'; patent US6166748 says 'adding no cycles' (research/1prim-cost.md; plan T12)
rdp-rectn	rect-320x6	clock	2021	-	-	report	cen64 jgemu 2f8d7bc rdp_core.c:5346-5361 dpc_probe on hardware, 1-cycle, VI blanked, min of 8; the law's provenance is doubted (research/jgemu-dpc-probe.md; plan T12, reported not asserted): RECTN 320x6 2021.4 measured
rdp-rectn	duty-320x240	clock	80287	-	-	report	cen64 jgemu 2f8d7bc rdp_core.c:5346-5361 dpc_probe on hardware, 1-cycle, VI blanked, min of 8; the law's provenance is doubted (research/jgemu-dpc-probe.md; plan T12, reported not asserted): 320x240 DUTY 80287 measured
uncached-sizes	u8	net_pclk	32	31	33	check	n64-systembench @845635c src/main.c:577 RDRAM U8R 34 pclk less its harness 2 = 32; the port's net subtracts its own harness overhead, its c8 sample less the 1 pclk cached hit (nemu64-test, cpu.dcache-hit), as its's C8R 3 pclk (main.c:572) less 1 gives its 2 (research/cpu-memory-costs.md); band ±1 pclk, its MEASUREMENT_ERROR_CPU pass rule (main.c:17, 664-669)
uncached-sizes	u16	net_pclk	32	31	33	check	n64-systembench @845635c src/main.c:578 RDRAM U16R 34 pclk less its harness 2 = 32; the port's net subtracts its own harness overhead, its c16 sample less the 1 pclk cached hit (nemu64-test, cpu.dcache-hit), as its's C16R 3 pclk (main.c:573) less 1 gives its 2 (research/cpu-memory-costs.md); band ±1 pclk, its MEASUREMENT_ERROR_CPU pass rule (main.c:17, 664-669)
uncached-sizes	u32	net_pclk	32	31	33	check	n64-systembench @845635c src/main.c:579 RDRAM U32R 34 pclk less its harness 2 = 32; the port's net subtracts its own harness overhead, its c32 sample less the 1 pclk cached hit (nemu64-test, cpu.dcache-hit), as its's C32R 3 pclk (main.c:574) less 1 gives its 2 (research/cpu-memory-costs.md); band ±1 pclk, its MEASUREMENT_ERROR_CPU pass rule (main.c:17, 664-669)
uncached-sizes	u64	net_pclk	35	34	36	check	n64-systembench @845635c src/main.c:580 RDRAM U64R 37 pclk less its harness 2 = 35; the port's net subtracts its own harness overhead, its c64 sample less the 1 pclk cached hit (nemu64-test, cpu.dcache-hit), as its's C64R 3 pclk (main.c:575) less 1 gives its 2 (research/cpu-memory-costs.md); band ±1 pclk, its MEASUREMENT_ERROR_CPU pass rule (main.c:17, 664-669)
uncached-sizes	c8	sb_pclk	3	-	-	report	n64-systembench @845635c src/main.c:572 RDRAM C8R 3 pclk: the original's harness on a cached hit; the port's harness is its own
uncached-sizes	c16	sb_pclk	3	-	-	report	n64-systembench @845635c src/main.c:573 RDRAM C16R 3 pclk: the original's harness on a cached hit; the port's harness is its own
uncached-sizes	c32	sb_pclk	3	-	-	report	n64-systembench @845635c src/main.c:574 RDRAM C32R 3 pclk: the original's harness on a cached hit; the port's harness is its own
uncached-sizes	c64	sb_pclk	3	-	-	report	n64-systembench @845635c src/main.c:575 RDRAM C64R 3 pclk: the original's harness on a cached hit; the port's harness is its own
rcp-reg-read	vi-control	net_pclk	22	21	23	check	n64-systembench @845635c src/main.c:586 RCP I/O R (VI_CONTROL) 24 pclk less its harness 2 = 22; the port's net subtracts its own harness overhead, its c32 sample less the 1 pclk cached hit (nemu64-test, cpu.dcache-hit), as C32R 3 pclk (main.c:574) less 1 gives 2 (research/cpu-memory-costs.md); band ±1 pclk, its MEASUREMENT_ERROR_CPU pass rule (main.c:17, 664-669)
pif-ram-read	pif-ram	sb_rclk	1974	1970.052	1977.948	check	n64-systembench @845635c src/main.c:599 SI I/O R (PIF RAM word read) 1974 rclk, cited number only, same harness shape (research/cpu-memory-costs.md, research/dma-timing.md); band ±0.2%, its pass rule (main.c:669)
pi-io-write	rom-word	sb_rclk	134	132	136	check	n64-systembench @845635c src/main.c:595 PI I/O W (cart word write until PI_STATUS idle) 134 rclk, cited number only, same harness shape (research/cpu-memory-costs.md, research/dma-timing.md); band ±2 rclk, its MEASUREMENT_ERROR_RCP (4 pclk truncated to rclk, main.c:18, 664-669). The port's reps walk the poll phase over two poll periods (asm.py k_sb_while): the result ends on a poll about 25 pclk apart and the core repeats one phase every rep, so one fixed phase reads anywhere in 125.3..141.3 rclk; the phase mean is the busy time plus the mean poll delay. On hardware the original's reps are likely phase-locked as well (inferred: VI and interrupts off, the loop in cache, one master clock), so its 134 is one phase and may sit up to half a poll period (about 8 rclk) from the phase mean
si-dma	write64	sb_rclk	4065	4056.87	4073.13	check	n64-systembench @845635c src/main.c:597 SI DMA W RAM (64 B to PIF RAM until SI_STATUS idle) 4065 rclk, cited number only, same harness shape (research/cpu-memory-costs.md, research/dma-timing.md); band ±0.2%, its pass rule (main.c:669); reps walk the poll phase as pi-io-write rom-word does
si-dma	read64-1	sb_rclk	37987	37911.026	38062.974	check	n64-systembench @845635c src/main.c:609 JOY: 1J (SI DMA RD64B, one read-buttons command on port 1) 37987 rclk, cited number only, same harness shape (research/cpu-memory-costs.md, research/dma-timing.md); band ±0.2%, its pass rule (main.c:669)
si-dma	read64-2	sb_rclk	57972	-	-	report	n64-systembench @845635c src/main.c:610 JOY: 2J (SI DMA RD64B, read-buttons on ports 1-2) 57972 rclk, cited number only, same harness shape (research/cpu-memory-costs.md, research/dma-timing.md); reported, not asserted: the original does not say which ports had a controller (research/dma-timing.md SI DMA), and n64-run connects one on port 1
si-dma	read64-3	sb_rclk	77924	-	-	report	n64-systembench @845635c src/main.c:611 JOY: 3J (SI DMA RD64B, read-buttons on ports 1-3) 77924 rclk, cited number only, same harness shape (research/cpu-memory-costs.md, research/dma-timing.md); reported, not asserted: the original does not say which ports had a controller (research/dma-timing.md SI DMA), and n64-run connects one on port 1
si-dma	read64-4	sb_rclk	97890	-	-	report	n64-systembench @845635c src/main.c:612 JOY: 4J (SI DMA RD64B, read-buttons on ports 1-4) 97890 rclk, cited number only, same harness shape (research/cpu-memory-costs.md, research/dma-timing.md); reported, not asserted: the original does not say which ports had a controller (research/dma-timing.md SI DMA), and n64-run connects one on port 1
uncached-sizes	u32-seq	net_pclk	132	131	133	check	n64-systembench @845635c src/main.c:582 RDRAM U32R seq (four uncached LWs at rambuf+0, 4, 8, 12, main.c:270-276) 134 pclk less its harness 2 = 132; the port's net subtracts its own harness overhead, its c32 sample less the 1 pclk cached hit (nemu64-test, cpu.dcache-hit), as C32R 3 pclk (main.c:574) less 1 gives 2 (research/cpu-memory-costs.md); band ±1 pclk, its MEASUREMENT_ERROR_CPU pass rule (main.c:17, 664-669)
uncached-sizes	u32-rand	net_pclk	132	131	133	check	n64-systembench @845635c src/main.c:583 RDRAM U32R rand (four uncached LWs at rambuf+1024, 12, 568, 912, main.c:278-284) 134 pclk less its harness 2 = 132; the port's net subtracts its own harness overhead, its c32 sample less the 1 pclk cached hit (nemu64-test, cpu.dcache-hit), as C32R 3 pclk (main.c:574) less 1 gives 2 (research/cpu-memory-costs.md); band ±1 pclk, its MEASUREMENT_ERROR_CPU pass rule (main.c:17, 664-669)
uncached-sizes	u32-banked	net_pclk	134	133	135	check	n64-systembench @845635c src/main.c:584 RDRAM U32R banked (four uncached LWs at the first word of each of the 1 MiB banks 0-3, main.c:286-292) 136 pclk less its harness 2 = 134; the port's net subtracts its own harness overhead, its c32 sample less the 1 pclk cached hit (nemu64-test, cpu.dcache-hit), as C32R 3 pclk (main.c:574) less 1 gives 2 (research/cpu-memory-costs.md); band ±1 pclk, its MEASUREMENT_ERROR_CPU pass rule (main.c:17, 664-669)
pi-io-read	rom-word	sb_rclk	144	142	146	check	n64-systembench @845635c src/main.c:594 PI I/O R (one uncached LW of cart ROM 0xB0000000, main.c:182-185) 144 rclk, cited number only, same harness shape (research/cpu-memory-costs.md); band ±2 rclk, its MEASUREMENT_ERROR_RCP (4 pclk truncated to rclk, main.c:18, 664-669)
si-io-write	pif-ram	sb_rclk	2158	2153.684	2162.316	check	n64-systembench @845635c src/main.c:600 SI I/O W (a word write to PIF RAM 0xBFC007C0 until SI_STATUS idle, main.c:221-228) 2158 rclk, cited number only, same harness shape (research/cpu-memory-costs.md); band ±0.2%, its pass rule (main.c:669); reps walk the poll phase as pi-io-write rom-word does
si-dma	write64-rom	sb_rclk	2144	2139.712	2148.288	check	n64-systembench @845635c src/main.c:598 SI DMA W ROM (64 B SI DMA to the PIF ROM address 0x1FC00700 until SI_STATUS idle, main.c:56, 206-214) 2144 rclk, cited number only, same harness shape (research/dma-timing.md SI DMA); band ±0.2%, its pass rule (main.c:669); reps walk the poll phase as pi-io-write rom-word does
si-dma	empty-0b	sb_rclk	15030	14999.94	15060.06	check	n64-systembench @845635c src/main.c:602 JOY: Empty 0B (SI DMA RD64B after a joybus block of the end marker 0xFE at byte 0, no command to any channel, main.c:307-322) 15030 rclk, cited number only, same harness shape (research/dma-timing.md SI DMA); asserted: no channel gets a command, so no controller state enters; band ±0.2%, its pass rule (main.c:669)
si-dma	empty-1b	sb_rclk	16424	16391.152	16456.848	check	n64-systembench @845635c src/main.c:603 JOY: Empty 1B (SI DMA RD64B after a joybus block of one 0x00 skip byte, then 0xFE, no command to any channel, main.c:324-339) 16424 rclk, cited number only, same harness shape (research/dma-timing.md SI DMA); asserted: no channel gets a command, so no controller state enters; band ±0.2%, its pass rule (main.c:669)
si-dma	empty-4b	sb_rclk	20644	20602.712	20685.288	check	n64-systembench @845635c src/main.c:604 JOY: Empty 4B (SI DMA RD64B after a joybus block of four 0x00 skip bytes, then 0xFE, no command to any channel, main.c:341-356) 20644 rclk, cited number only, same harness shape (research/dma-timing.md SI DMA); asserted: no channel gets a command, so no controller state enters; band ±0.2%, its pass rule (main.c:669)
si-dma	empty-8b	sb_rclk	21163	21120.674	21205.326	check	n64-systembench @845635c src/main.c:605 JOY: Empty 8B (SI DMA RD64B after a joybus block of eight 0x00 bytes, then 0xFE, no command to any channel, main.c:358-373) 21163 rclk, cited number only, same harness shape (research/dma-timing.md SI DMA); asserted: no channel gets a command, so no controller state enters; band ±0.2%, its pass rule (main.c:669)
si-dma	empty-32b	sb_rclk	21163	21120.674	21205.326	check	n64-systembench @845635c src/main.c:606 JOY: Empty 32B (SI DMA RD64B after a joybus block of 32 0x00 bytes, then 0xFE, no command to any channel, main.c:376-391) 21163 rclk, cited number only, same harness shape (research/dma-timing.md SI DMA); asserted: no channel gets a command, so no controller state enters; band ±0.2%, its pass rule (main.c:669)
si-dma	empty-56b	sb_rclk	21170	21127.66	21212.34	check	n64-systembench @845635c src/main.c:607 JOY: Empty 56B (SI DMA RD64B after a joybus block of 56 0x00 bytes, then 0xFE, no command to any channel, main.c:393-408) 21170 rclk, cited number only, same harness shape (research/dma-timing.md SI DMA); asserted: no channel gets a command, so no controller state enters; band ±0.2%, its pass rule (main.c:669)
si-dma	empty-63b	sb_rclk	21178	21135.644	21220.356	check	n64-systembench @845635c src/main.c:608 JOY: Empty 63B (SI DMA RD64B after a joybus block of 62 0x00 bytes, then 0xFE before the control byte, no command to any channel, main.c:410-425) 21178 rclk, cited number only, same harness shape (research/dma-timing.md SI DMA); asserted: no channel gets a command, so no controller state enters; band ±0.2%, its pass rule (main.c:669)
si-dma	accessory	sb_rclk	36834	36760.332	36907.668	check	n64-systembench @845635c src/main.c:613 JOY: Accessory (SI DMA RD64B after one info command 0x00, 1 byte out and 3 back, on port 1, main.c:495-510) 36834 rclk, cited number only, same harness shape (research/dma-timing.md SI DMA); asserted as read64-1 is: a controller on port 1, which n64-run connects; band ±0.2%, its pass rule (main.c:669)
