ts	phase	decision	why	evidence	result
2026-10-05T10:12:46Z	frame	treated 'go build it' as an Orchestrate program over map #1; tracks infra, research, design, build, spec, verify	the map spans CPU, bus, DMA, RSP-RDP FIFO, RDP and VI behaviors plus spec and harness; more than one agent can finish	gh issue view 1; sub-issue list	open
2026-10-05T10:12:46Z	frame	build a local harness first (pilot) because no compiler, no headless runner and no MM bench exist on this machine	every behavior must be verified by running the emulator; prior research ran in an environment not present here	which cmake/gcc empty; mm-decomp-60fps main lacks tools/bench	open
2026-10-05T10:12:46Z	frame	hardware-only tickets #16 and #25 stay HITL; build each behavior from best published reference meanwhile	map rule: a behavior is built from its references; no hardware is available to agents	issue #16 comments, #25 comment 5992293499	open
2026-10-05T10:12:47Z	frame	decide grilling tickets #13 #14 #15 myself via architect panels, grounded on one shared how-doc	user granted full autonomy ('go build it'); the three designs share the scheduler/bus seam	briefs/ground.md	open
2026-10-05T10:24:09Z	design	merged #9 #13 #14 #15 #28 into one timing-core architecture arena (opus, fable, sonnet runners)	ground doc shows all three designs hinge on one missing shared timeline; designing them apart would mismatch the seams	reports/ground.md obstacles 1-3; briefs/design-core.md	running
2026-10-05T10:35:00Z	land	switched delivery to a stacked PR chain that Scott lands; recorded no self-verdict	classifier denied the merge of PR #30 and the coordinator ledger verdict (Merge Without Review)	PR #30; gates.md land-stack	open
2026-10-05T10:35:00Z	verify	parked external test-ROM builds as a gate; harness worker did not retry	classifier blocked cargo build of nemu64-test (Code from External)	reports/harness.md; gates.md build-corpora	open
2026-10-05T10:36:46Z	verify	port nemu64-test (MIT) into our own Python ROM generator instead of building it	external builds are blocked; our own reviewed generator runs nothing external on the host, and matching the published 924/1604 baseline proves the port	briefs/romgen.md	running
2026-10-05T10:36:46Z	harness	accepted harness: MSYS2 clang64 native build, n64-run headless runner; coordinator reran MM 600 fields twice: byte-identical, 8.5 s	pilot acceptance minus corpus baseline (blocked)	/c/Users/Scott/n64-timing/verify/mm1.tsv, PR #30	verified, awaiting land
2026-10-05T10:44:53Z	design	RDP pixel source: port cen64-jgemu RDP (BSD-3); angrylion-rdp-plus rejected	angrylion-rdp-plus ships the old MAME non-commercial license, incompatible with ISC; jgemu is BSD-3 and fitted to snapper64	gh api ata4/angrylion-rdp-plus 'MAME License.txt'; jgcen64/LICENSE	decided
2026-10-05T10:44:55Z	design	skipped the interrogate pass on the core design	three independent models converged on the same shape (earliest-time timeline, single RDRAM owner, constants TSV, recompilers out, CPU-side RDP); convergence is the agreement signal	candidate-*/rationale.md	decided
2026-10-05T11:06:17Z	design	adopted synthesized design (base opus, grafts from sonnet and fable) as ADR 0001; closed #13 #14 #15	cross-judge scored opus 28, sonnet 24, fable 21; convergence on shape	PR #31; design/core/synthesis/judge.md	decided
2026-10-05T11:06:17Z	build	started T9 (RDP port) in parallel with T1 instead of after T5	pixel-engine fidelity and speed is the top risk; measuring it early is cheap and its footprint is the RDP only	briefs/build-common.md; plan.md T9	running
2026-10-05T13:11:59Z	liveness	respawn romgen, t9, measure-9 as fresh agents on their existing worktrees	the agents died on a usage-limit 429 with uncommitted work in their worktrees; the worktree is the state worth keeping	git status in ares-wt/{romgen,t9,measure-9}	respawning
2026-10-05T13:25:40Z	verify	T1 (#32) and mmbench (#33) independently verified PASS-WITH-NOTES by sonnet; romgen nemu64 port reproduces 924/1604, 9/13, 5/5 on both T1 base and head	verifier on a different model reran checks on its own builds	reports/verify-32.md, verify-33.md; PR comments	verified
2026-10-05T13:25:40Z	build	routed the mmbench --cpu break to T2 (which merges both)	T1 removed --cpu; whichever lands second must drop it; T2 is where they meet	verify-32.md; SendMessage to T2	open
2026-10-05T13:27:22Z	verify	romgen port accepted: 1604/13/5 tests, interpreter 924/9/5 and recompiler 1109/10/5 equal the published baseline; per-group counts equal	the sonnet verifier independently got 924/9/5 from origin/feat/romgen on two builds	PR #34; reports/romgen.md; reports/verify-32.md	verified
2026-10-05T13:40:12Z	build	T9 retired the top risk: ported RDP ~33 ns/px, 2.3-3.1 s render per 600 MM fields; pixels match paraLLEl except attributed differences	worker measured on MM sct/field and hydra ROMs; verifier on opus re-checking	PR #35; reports/t9.md	needs-verify
2026-10-05T13:45:41Z	tools	after R2 lands, one integrate unit merges R1/R2/R4 into feat/tools, unifies the three RDP encoders, verifies all suites	the three siblings conflict in build.py and duplicate rdp encoders; one integration point is cheaper than three restacks	reports/r1.md, r4.md follow-ups	planned
2026-10-05T13:48:27Z	build	reordered: T10 (remove paraLLEl, merge T9 into the stack, serialize engine state) right after T3, before T4/T5	subtract before adding the timeline; T2's trace hash uses the serializer and the engine is not serialized, so the soft RDP must be serialized before it becomes the only RDP	reports/verify-35.md note 2	planned
2026-10-05T13:48:31Z	verify	T9 (#35) verified PASS-WITH-NOTES by opus (license byte-identical import, det, toggles reproduce attributions, timing columns identical)	independent verifier, different model from fable worker	PR #35 comment 5995786044	verified
2026-10-05T13:55:09Z	verify	T2 (#36) verified PASS-WITH-NOTES by sonnet (det, hidden-state poke, nemu64 922/9/5, serializer byte-equivalent)	independent verifier	PR #36 comment 5995910530	verified
2026-10-05T14:09:36Z	build	run T4 (codemod) in parallel with T10 off T3; T5 merges both	the critical path is long; a rerunnable codemod makes the later merge cheap (rerun instead of hand-resolving)	briefs/build-common.md; T4 spawn prompt	running
2026-10-05T14:38:55Z	tools	snapper64 corpus fetched and decoded (7094 dumps); T9 software RDP matches 2591/2592 console dumps; paraLLEl 248/2592	external hardware evidence for the pixel engine choice	PR #42; reports/r3.md	needs-verify
2026-10-05T15:01:44Z	land	Scott added allow rule Bash(gh pr merge:*); coordinator merged #30 #33 #34 #41 #31 to master with merge commits	verified PRs, bottom-up; gh pr edit retarget allowed	gh pr view 30..41	landed
2026-10-05T15:01:45Z	land	#32/#36/#44 conflict with master after the tools refactor; spawned an integrate unit (feat/stack = T4 + master + T10) instead of resolving PR by PR	one integration point; T4 already carries T1-T3 and T10 carries T9	gh pr view 32/36/44 mergeable=CONFLICTING	running
2026-10-05T15:04:25Z	start	session restart; respawned stack (mid-merge worktree), verify-43-42 and mmbench2 as fresh agents; closed #37 #38 #39 as landed via #41	in-flight agents die on restart; worktree is the durable state	git status ares-wt/stack; gh pr close 37-39	running
2026-10-05T15:19:26Z	land	merged #45 (T1-T4, T9, T10) after verify-43 PASS-WITH-NOTES; closed #40 #43 as landed via #45	all six parts independently verified; integration checks: nemu64 922/9/5 identical, det, roundtrip, mmbench timing identical to T4	PR #45; reports/stack.md, verify-43.md	landed
2026-10-05T15:27:07Z	land	merged #47 (snapper + tool fixes, supersedes #42) and #46 (mmbench2 #11 scenes); deleted merged branches; 0 open PRs	both tools-only; R3 independently verified; mmbench2 acceptance output spot-checked by coordinator	PR #46 #47; filesel_check.py run	landed
2026-10-05T15:29:26Z	docs	merged #48 (63 research files onto master), rewrote map #1 links to master; kept research/* branches	closed-ticket comments link to the branch blobs; deleting would break them	PR #48; map body	landed
2026-10-05T18:23:42Z	liveness	respawned T5 (fable) on its worktree; first action commit+push the uncommitted WIP	previous agent died on 429 with a large uncommitted diff despite the commit-often standing order	git status ares-wt/t5	running
2026-10-05T18:32:24Z	liveness	stopped fable T5 agent and respawned T5 on opus at medium effort from pushed head 5230b758f	Scott: restart T5 on opus (new model policy)	feat/t5 5230b758f; TaskStop	running
2026-10-05T19:19:20Z	land	merged #49 (T5 timeline) after sonnet PASS-WITH-NOTES; relayed fireEvents stale-limit trap to T6	verifier reproduced stepcap, mutations, nemu64 identity; trap is latent and T6 adds waking handlers	PR #49 comment 6001408800; reports/verify-49.md	landed
2026-10-05T20:21:32Z	land	merged #52 (T12 timed DPC); spawned fitprov to make fit-to-same-data checks fail --check unless labelled fit-only	verify-52 found three RDP rows checked against the data they were fit to; encode the rule in the generator, not in review	reports/verify-52.md	landed
2026-10-05T21:29:44Z	build	accepted T6's planned regression (158 load-use values 1 pclk short) as intermediate; started T7a and T8 in parallel off feat/t6	the old D-hit +1 stood in for LDI which T7a adds; T7a/T8 touch disjoint files per plan	reports/t6.md; plan T7a/T8	running
2026-10-05T21:44:15Z	land	merged #51 (T6) after sonnet PASS-WITH-NOTES; routed 4 non-LDI CP0 cases to T7a; spawned labels-t6 for the undisclosed refresh conflict and inference wording	label gaps are spec-honesty issues, not code bugs; fix before more units cite those rows	reports/verify-51.md s2,s7	landed
