row	name	qty	kind	port	source
c8r	RDRAM C8R	1	check	uncached-sizes c8	n64-systembench main.c:572 @845635c; the expected value is the one the ROM prints (compiled into main.c)
c16r	RDRAM C16R	2	check	uncached-sizes c16	n64-systembench main.c:573 @845635c; the expected value is the one the ROM prints (compiled into main.c)
c32r	RDRAM C32R	4	check	uncached-sizes c32	n64-systembench main.c:574 @845635c; the expected value is the one the ROM prints (compiled into main.c)
c64r	RDRAM C64R	8	check	uncached-sizes c64	n64-systembench main.c:575 @845635c; the expected value is the one the ROM prints (compiled into main.c)
u8r	RDRAM U8R	1	check	uncached-sizes u8	n64-systembench main.c:577 @845635c; the expected value is the one the ROM prints (compiled into main.c)
u16r	RDRAM U16R	2	check	uncached-sizes u16	n64-systembench main.c:578 @845635c; the expected value is the one the ROM prints (compiled into main.c)
u32r	RDRAM U32R	4	check	uncached-sizes u32	n64-systembench main.c:579 @845635c; the expected value is the one the ROM prints (compiled into main.c)
u64r	RDRAM U64R	8	check	uncached-sizes u64	n64-systembench main.c:580 @845635c; the expected value is the one the ROM prints (compiled into main.c)
u32r-seq	RDRAM U32R seq	16	check	uncached-sizes u32-seq	n64-systembench main.c:582 @845635c; the expected value is the one the ROM prints (compiled into main.c)
u32r-rand	RDRAM U32R rand	16	check	uncached-sizes u32-rand	n64-systembench main.c:583 @845635c; the expected value is the one the ROM prints (compiled into main.c); this build's rambuf crosses a 2 KiB RDRAM row here, and the hardware build's rambuf address is not known (README, n64-systembench), so no behavior names it
u32r-banked	RDRAM U32R banked	16	check	uncached-sizes u32-banked	n64-systembench main.c:584 @845635c; the expected value is the one the ROM prints (compiled into main.c)
rcp-io-r	RCP I/O R	1	check	rcp-reg-read vi-control	n64-systembench main.c:586 @845635c; the expected value is the one the ROM prints (compiled into main.c)
pi-dma-8	PI DMA	8	check	pi-dma-sizes cart-to-ram-8	n64-systembench main.c:589 @845635c; the expected value is the one the ROM prints (compiled into main.c)
pi-dma-128	PI DMA	128	check	pi-dma-sizes cart-to-ram-128	n64-systembench main.c:590 @845635c; the expected value is the one the ROM prints (compiled into main.c)
pi-dma-1024	PI DMA	1024	check	pi-dma-sizes cart-to-ram-1024	n64-systembench main.c:591 @845635c; the expected value is the one the ROM prints (compiled into main.c); this build's rambuf puts the 1 KiB across two RDRAM rows (README, n64-systembench)
pi-dma-65536	PI DMA	65536	check	pi-dma-sizes cart-to-ram-65536	n64-systembench main.c:592 @845635c; the expected value is the one the ROM prints (compiled into main.c)
pi-io-r	PI I/O R	4	check	pi-io-read rom-word	n64-systembench main.c:594 @845635c; the expected value is the one the ROM prints (compiled into main.c)
pi-io-w	PI I/O W	4	check	pi-io-write rom-word	n64-systembench main.c:595 @845635c; the expected value is the one the ROM prints (compiled into main.c)
si-dma-w-ram	SI DMA W RAM	64	check	si-dma write64	n64-systembench main.c:597 @845635c; the expected value is the one the ROM prints (compiled into main.c)
si-dma-w-rom	SI DMA W ROM	64	check	si-dma write64-rom	n64-systembench main.c:598 @845635c; the expected value is the one the ROM prints (compiled into main.c)
si-io-r	SI I/O R	4	check	pif-ram-read pif-ram	n64-systembench main.c:599 @845635c; the expected value is the one the ROM prints (compiled into main.c)
si-io-w	SI I/O W	4	check	si-io-write pif-ram	n64-systembench main.c:600 @845635c; the expected value is the one the ROM prints (compiled into main.c)
joy-empty-0b	JOY: Empty 0B	64	check	si-dma empty-0b	n64-systembench main.c:602 @845635c; the expected value is the one the ROM prints (compiled into main.c)
joy-empty-1b	JOY: Empty 1B	64	check	si-dma empty-1b	n64-systembench main.c:603 @845635c; the expected value is the one the ROM prints (compiled into main.c)
joy-empty-4b	JOY: Empty 4B	64	check	si-dma empty-4b	n64-systembench main.c:604 @845635c; the expected value is the one the ROM prints (compiled into main.c)
joy-empty-8b	JOY: Empty 8B	64	check	si-dma empty-8b	n64-systembench main.c:605 @845635c; the expected value is the one the ROM prints (compiled into main.c)
joy-empty-32b	JOY: Empty 32B	64	check	si-dma empty-32b	n64-systembench main.c:606 @845635c; the expected value is the one the ROM prints (compiled into main.c)
joy-empty-56b	JOY: Empty 56B	64	check	si-dma empty-56b	n64-systembench main.c:607 @845635c; the expected value is the one the ROM prints (compiled into main.c)
joy-empty-63b	JOY: Empty 63B	64	check	si-dma empty-63b	n64-systembench main.c:608 @845635c; the expected value is the one the ROM prints (compiled into main.c)
joy-1j	JOY: 1J	64	check	si-dma read64-1	n64-systembench main.c:609 @845635c; the expected value is the one the ROM prints (compiled into main.c)
joy-2j	JOY: 2J	64	report	si-dma read64-2	n64-systembench main.c:610 @845635c; the expected value is the one the ROM prints (compiled into main.c); report: the hardware rig's controller presence is not published and n64-run connects one pad (si.read64-base note)
joy-3j	JOY: 3J	64	report	si-dma read64-3	n64-systembench main.c:611 @845635c; the expected value is the one the ROM prints (compiled into main.c); report: the hardware rig's controller presence is not published and n64-run connects one pad (si.read64-base note)
joy-4j	JOY: 4J	64	report	si-dma read64-4	n64-systembench main.c:612 @845635c; the expected value is the one the ROM prints (compiled into main.c); report: the hardware rig's controller presence is not published and n64-run connects one pad (si.read64-base note)
joy-accessory	JOY: Accessory	64	check	si-dma accessory	n64-systembench main.c:613 @845635c; the expected value is the one the ROM prints (compiled into main.c)
