id	question	decides	kit	points	metric	rule	closes	source	boot
dcb	Does a cached load or store in the slot right after a cached store pay the +1 pclk data-cache-busy stall?	COUNT over 16 unrolled store-load pairs against the nop-load and nop-nop baselines	kit-cpu	dcb/*	min	range:abs:1	cpu.dcb	verify-72; NEC VR4300 UM s.4.6.7	power-on
register-write	How long does a posted store to an RCP register hold the SysAD (MiSTer 3 RCP clocks after the 2-SClock phases), and does it differ by device?	COUNT for 1-8 back-to-back stores to VI, MI, DP and SP registers, and for each run followed by a load	kit-cpu	reg-write/*	min	range:abs:2	sysad.register-write item:16.wb-drain-target	vr4300-wb.md Q4; verify-72	power-on
cmd-fifo-depth	How far does DPC_CURRENT run ahead of a frozen RDP (240 B per the n64-systemtest author, MiSTer 64 dwords)?	DPC_CURRENT - DPC_START after 20000 ticks frozen, lists of 64 and 512 NOPs	kit-rdp	fifo-depth/*	current_minus_start	exact	rdp.cmd-fifo-dwords rdpstat:current-prefetch item:16.fifo-depth	hardware-corpora.md #8; n64-systemtest rdp/mod.rs:21-23	power-on
cmd-fetch-burst	What is the RDP command fetch burst (model 128 B, MiSTer <= 22 words)?	the DPC_CURRENT offsets a 64-poll loop sees while a frozen RDP's FIFO fills from a 512-NOP list, over 8 poll phases: CURRENT stops only at a fetch's end, so the gcd of the offsets below the full FIFO is the burst (the unfrozen rectangle and NOP lists' steps are logged as report values; they follow the poll cadence)	kit-rdp	cmd-fetch/burst	burst_gcd	exact	rdp.cmd-fetch-burst	r23; mm-buffer-placement.md Q3; verify-85 2a.1	power-on
color-half-16bpp	Is a span's color half 32 px or 16 px at 16 bpp?	the width at which DPC_CLOCK of an 8-line IM_RD rectangle jumps, at 16 and 32 bpp	kit-span	span-width/half-b16 span-width/half-b32	half_px	exact	rdp.color-half-pixels-16bpp item:16.span-tri-16bpp	span-ram.md Q1	power-on
noise-alpha-dither	Which noise bits feed G_AD_NOISE and G_AC_DITHER (Angrylion (noise >> 6) & 7 vs MiSTer's odd values)?	the pixels written by 256 px rectangles with alpha-compare dither and with AD_NOISE against a threshold	kit-noise	snap/ac-dither snap/ad-noise-threshold	hash	exact	rdp.noise-alpha-dither item:16.noise-bits	rdp-noise.md Q3	power-on
noise-dither-bits	Which noise bits feed G_CD_NOISE per channel?	the 16 bpp pixels of a 256 px gray rectangle with RGB dither set to noise	kit-noise	snap/cd-noise-16	hash	exact	rdp.noise-dither-bits item:16.noise-bits	rdp-noise.md Q3	power-on
noise-pixel-offset	Does the model's noise sequence start at the console's pixel and clock offset?	the 1016x1 NOISE rectangle of Thar0/RDP-Noise	kit-noise	snap/rect-1016	hash	exact	rdp.noise-pixel-offset noise:rect-1016	rdp-noise.md Q1	power-on
noise-idle	Does the noise LFSR step while the RDP is idle?	two 256 px NOISE rectangles with a 100000-iteration CPU spin between their lists	kit-noise	snap/idle-gap	hash	exact	rdp.noise-pixel-offset item:16.noise-idle-stall	rdp-noise.md Q2	power-on
noise-2cycle	How many noise steps does a 2-cycle pixel take?	a 256 px NOISE rectangle in 2-cycle mode	kit-noise	snap/two-cycle	hash	exact	rdp.noise-pixel-offset item:16.noise-2cycle	rdp-noise.md Q4	power-on
vi-first-line	When does the VI start counting lines after VI_CONTROL selects a type, and does V_CURRENT hold while blanked (#77)?	V_CURRENT at the enable and COUNT ticks to its first and second change, at 10 delays after a blank in vertical blank	kit-vi	vi-enable/*	v_at_enable first_ticks	range:abs:24	#77 bench:mi-memset-rspdma	issue #77; verify-78	power-on
count-per-field	How many COUNT ticks is one NTSC VI field (X1 vs X2 ratio, crystal error)? The kit's VI (V_SYNC 0x20D progressive, H_SYNC 0xC15) runs 263 lines of 3094 VCLK, 783,520.9 ticks at VCLK 48.681812 MHz and COUNT 46.875 MHz; the fork reads 783,516-783,530	COUNT over 60 fields, and the shortest and longest field	kit-vi	count-fields/fields-60	ticks_per_field	range:rel:0.01	clock.vclk mm:south-clock-town item:16.count-per-field	hardware-corpora.md #24; clocks.md; verify-85 2a.7 (its 782,031 assumed 262.5 lines, the interlaced count)	power-on
ifill	What does one isolated instruction-cache fill stall cost (inferred 45, formulas 46-47)?	COUNT around a call to a function alone in an index-invalidated I-cache line, against the warm call	kit-cpu	ifill/*	min	range:abs:1	cpu.ifill-stall bench:ifill-isolated	verify-72; behaviors.tsv cpu.ifill-stall note	power-on
wb-release	When the 4-entry write buffer is full, does a store wait for one free entry (NEC) or an empty buffer (R4300i), and how long does a load wait behind N buffered stores?	COUNT for 1-8 back-to-back uncached RDRAM stores, alone and followed by a load	kit-cpu	wb-stores/*	min	range:abs:2	cpu.wb-release cpu.wb-block-entries bench:wb-fifth-store item:16.wb-full	vr4300-wb.md Q2-Q3; hardware-corpora.md #26	power-on
dirty-miss	What does an isolated dirty D-cache miss cost, and is the order fill then writeback?	COUNT for a D-cache miss with an invalid, clean or dirty victim, alone and followed by a second miss	kit-cpu	dirty-miss-isolated/*	min	range:abs:1	cpu.dirty-miss-order cpu.dfill-total bench:dirty-miss-isolated nemu64:timing/load-miss-vi-off item:16.dirty-writeback	cpu-memory-costs.md Q1; vr4300-wb.md Q1	power-on
dirty-row	What does an RDRAM row miss cost after the open row was written (datasheet 3 pclk more, model 2)?	COUNT of one uncached load after a clean or dirty open row, same row and four other rows	kit-cpu	dirty-row-sweep/*	min	range:abs:1	ri.retry-dirty bench:dirty-row-sweep	verify-72	power-on
cpu-reads	Do the systembench-style uncached RDRAM, RCP register, PIF RAM and cart word reads cost on this console what the model charges?	the bench ports of n64-systembench C*R, U*R, U32R seq/rand/banked, RCP I/O R, SI I/O R and PI I/O R	kit-cpu	uncached-sizes/* rcp-reg-read/* pif-ram-read/* pi-io-read/*	min	range:abs:2	cpu.uncached-read-total cpu.uncached-read-dword-total cpu.rcp-register-read cpu.pif-ram-read bench:uncached-sizes-u32-banked	sysbench; phase.md	power-on
poll-phase	Are the systembench TIMEIT_WHILE numbers one phase of the poll sawtooth?	the PI and SI I/O write points with their poll walked over two poll periods: lowest and second-highest rep	kit-cpu	pi-io-write/* si-io-write/*	min max2	range:abs:4	pi.io-busy si.io-busy bench:pi-io-write bench:si-io-write	sysbench2; verify-76	power-on
memset-vi	How much does VI scanout slow the CPU and RSP memsets, and was n64brew's memset table measured with the VI on?	the four 1 MiB memsets with the VI on and blanked	kit-dma	mi-memset-uncached/* mi-memset-cached/* mi-memset-rspdma/* mi-memset-repeat/*	min	range:rel:0.5	sysad.rdram-write-period sysad.rdram-block-write-period ri.write-hit ri.overhead-write bench:mi-memset-uncached bench:mi-memset-cached bench:mi-memset-rspdma	verify-63b; t11-fix	power-on
sp-dma-direction	What is the SP DMA rate per direction and size, and does a row crossing cost (hcs64 5.55 vs n64brew 6.5 B/rclk)?	max(16, 4096 / size) SP DMAs of 256-4096 B queued back to back through SP_DMA_FULL, both directions, row-aligned and 64 B / 8 B before a row end, timed to SP_DMA_BUSY clear: the 26 pclk busy-poll quantum falls on the chain, not on each DMA. Chains of 8-128 B DMAs run at the CPU's register-write rate (about 49 pclk each on the fork) and are logged as report values, and sp-dma-sweep's single DMAs are quantized to the poll, so neither decides a small DMA's cost	kit-dma	sp-dma-chain/*-256-off* sp-dma-chain/*-512-off* sp-dma-chain/*-1024-off* sp-dma-chain/*-2048-off* sp-dma-chain/*-4096-off*	min	range:rel:1	ri.overhead-read sp.dma-burst ri.octbyte ri.post-read-gap ri.post-write-gap bench:sp-dma-sweep item:16.sp-dma-setup	dma-timing.md Q1; hardware-corpora.md #7; verify-85 2a.5	power-on
pi-dma-small	Where do small PI DMAs lose the 12 rclk the model misses at 8-31 B?	n64-systembench PI DMA at 8, 128, 1024 and 65536 B with the poll walked	kit-dma	pi-dma-sizes/*	min max2	range:abs:4	pi.page-setup pi.halfword-bias pi.block-bytes pi.block-writeback bench:pi-dma-sizes bench:pi-dma-sizes-8 pidma:logs item:fu.pi-edge-wait	t8; phase.md	power-on
joybus-pads	What does an RD64B joybus frame cost with 1 and with 4 controllers connected (the 2J-4J fit assumes one pad on port 1)?	the SI DMA write and read points (N read-buttons commands, empty frames, accessory) and a 4-channel status frame, with kit-dma run once with one controller in port 1 and once with four; the joybus-setup probe logs which ports answered, and ingestion compares each capture with the fork run that had the same pads (calibration/run.sh pads-4)	kit-dma	si-dma/* joybus-setup/status-4 joybus-setup/pads	min mask	range:abs:4	pif.joybus-no-device pif.joybus-escape pif.joybus-skip pif.joybus-handshake si.read64-base bench:si-dma-read64-2 bench:si-dma-read64-3 bench:si-dma-read64-4 item:fu.joybus-56-63	pif-joy.md; sysbench2; verify-85 2a.2	power-on
vi-cpu-contention	How much does VI scanout delay an isolated uncached load, by bank and line position (model about 2x the nemu64 means)?	back-to-back timed uncached loads over three VI lines, in the VI's bank and another	kit-hpos	uncached-vs-hpos/*	median_pclk outliers_per_line holdoff_rclk_max	range:abs:2	ri.rank.vi ri.arbitration vi.aa-mode-lines vi.burst ri.refresh-trigger nemu64:timing/load-from-uncached-vi-on-same-bank ri.refresh-waits-for-burst item:fu.vi-same-bank-tail item:fu.hpos-holdoff item:16.vi-rows-per-line	t11-fix; verify-63b; hardware-corpora.md #22	power-on
rdp-sync-setter	What do the RDP syncs and one-word setters cost?	N bare syncs, N rectangle+sync pairs, N one-word setters: DPC_CLOCK	kit-rdp	rdp-sync-sweep/* rdp-setter-sweep/*	clock	range:rel:1	rdp.sync-full bench:rdp-sync-sweep bench:rdp-setter-sweep rdp.setter item:16.sync-in-flight	hardware-corpora.md #2	power-on
rdp-atomic	What does ATOMIC_PRIM add per primitive, and only when primitives overlap?	N 16x4 rectangles with the atomic bit off and on: DPC_CLOCK	kit-rdp	rdp-atomic-sweep/*	clock	range:rel:1	rdp.atomic-dead bench:rdp-atomic-sweep item:16.atomic	1prim-cost.md; hardware-corpora.md #19	power-on
rdp-rect-base	What are the rectangle base, per-line gap and dead pixels, independent of the Thar0 alpha-fail fit? Does DPC_PIPEBUSY count memory stalls (CLOCK - PIPEBUSY as a stall counter)?	cen64 dpc_probe RECTN and DUTY shapes: DPC_CLOCK, BUFBUSY, PIPEBUSY	kit-rdp	rdp-rectn/*	clock bufbusy pipebusy	range:rel:1	rdp.primitive-base rdp.span-dead-pixels rdp.span-line-gap bench:rdp-rectn item:16.pipebusy-stall item:16.span-law	verify-52; t12	power-on
span-width	How does DPC_CLOCK of an IM_RD span grow with width at 16 and 32 bpp (span transaction unit, read latency)?	33 widths 1-80 px at both depths: DPC_CLOCK, BUFBUSY, PIPEBUSY	kit-span	span-width/b*	clock	range:rel:2	rdp.span-read-latency rdp.mem-overhead-read rdp.span-slots item:16.span-slots item:16.span-transaction item:16.span-law	span-ram.md Q4-Q5; rdp-memory-traffic.md Q1	power-on
stale-read	Does a non-atomic rectangle 32 px wide read the stale color the previous one wrote (rdpstat-1prim expects cen64's extrapolation)?	the four 1PRIMITIVE stale-read cases' pass or fail	rdpstat-1prim	*	v0	exact	rdp.atomic-dead rdpstat:1prim item:fu.stale-read-32px	t13; 1prim-cost.md	power-on
dpc-sequencing	Do DMA_BUSY and END_PENDING sequence as the model does (no console capture)?	the rdpstat DPC sequencing cases' pass or fail	rdpstat-dpc	*	v0	exact	rdpstat:dpc-sequencing	r4	power-on
unsynced-attrs	Does a combiner change without a sync reach a rectangle already in flight, in 1- and 2-cycle?	the rdpstat unsynced cases' pass or fail	rdpstat-unsynced	*	v0	exact	rdpstat:unsynced-combiner	t15; verify-69	power-on
systemtest-rdp	Do the n64-systemtest RDP status cases pass on this console?	the rdpstat systemtest cases' pass or fail	rdpstat-systemtest	*	v0	exact	rdpstat:current-prefetch	r4	power-on
thar0-console	Do Thar0's RDP timing configs read on this console what Thar0's console read, including the 2-cycle Z-read and VI-same-bank Z configs the model misses by 5-12%?	the 100 Thar0 configs: DPC BUFBUSY and PIPEBUSY over RUNS runs (the romgen port's --hw build hangs in its first config on the fork, so the original ROM runs instead)	ext:thar0	-	-	-	rdp.span-read-latency rdp.mem-overhead-read rdp.mem-overhead-write rdp.read-gate rdp.port-lookahead thar0:imrd-1cycle thar0:zbrw-fail-zbsame-visame-imrd-2cyc ri.overhead-rdp item:fu.thar0-residuals thar0:ac-zbsame-vioff-imrd-1cyc thar0:ac-zcmp-zbsep-vioff-imrd-1cyc thar0:nozb-vioff-imrd-1cyc thar0:nozb-visame-noimrd-1cyc thar0:nozb-visep-imrd-1cyc thar0:separate-bank thar0:zbrw-pass-zbsep-visep-noimrd-1cyc thar0:zcmp	t13; verify-67	power-on
nemu64-console	Do the nemu64-test timing cases pass on this console, including Load Miss with the VI off (model lacks the 42.5 mean tail) and the VI-on same-bank load?	every nemu64-test timing value's pass or fail	nemu64-timing	*	v0	exact	cpu.dfill-total nemu64:timing/load-miss-vi-off nemu64:timing/load-from-uncached-vi-on-same-bank cpu.exc-fpu-detect cpu.fpu-trivial cpu.eret cpu.random-rule cpu.wired-write-latency ri.retry-clean ri.bank-of ri.row-of item:fu.vi-same-bank-tail	t7d; t11-fix	power-on
systembench	Do the original n64-systembench numbers on this console match its published table, and where does each TIMEIT_WHILE poll land?	rasky/n64-systembench @845635c, built by unit systembench, run once with 1 and once with 4 controllers	ext:systembench	-	-	-	bench:pi-dma-sizes bench:si-dma bench:pi-io-write bench:si-io-write item:fu.systembench-binary si.write64-rom systembench:pi-dma-128 systembench:pi-dma-8 systembench:pi-io-w systembench:si-dma-w-rom systembench:si-io-w systembench:u32r-banked	PR feat/systembench; sysbench.md	power-on
pidma-offset	Which COUNT offset does the n64_pi_dma_test log start at (pidma replay calibrated offsets)?	n64_pi_dma_test with its COUNT reads logged	ext:pi_dma_test	-	-	-	pidma:logs item:fu.pidma-offset	not-built report; L0	power-on
mm-filesel	How many fields does a Majora's Mask file-select game frame take with named files, and how much CPU and RDP time?	Scott's mm-decomp-60fps BENCH build with its osGetCount and DPC_CLOCK prints, on the named-files screen	ext:mm-bench	-	-	-	mm:filesel-named rdp.span-read-latency item:16.mm-bench-scenes	mm-filesel-slowdown.md; r11	power-on
snapper64	Do snapper64's dumps on this console match the published console dumps?	snapper64 e1cd8a61fc43 run as published	ext:snapper64	-	-	-	snapper:span-tri item:16.span-tri-16bpp	r3	power-on
write-granularity	Is a partly rejected span written as one masked burst, one write per octbyte or one per run, and is a fully rejected span written (rdp-write-granularity.md)?	DPC_CLOCK of a 320x8 Z-compared rectangle (Z_CMP, and Z_CMP+Z_UPD) over a Z comb every N = 1-8, 12, 16, 24, 32 px, all pass, all fail: the clock's slope against written runs per row (per-run write-back; the fork reads 15.4 and 36.8 rclk per run, r2 0.96/0.98), and all pass less all fail (near 0 when a rejected span is still written; fork 1259 and 3606). The fits' r2 against runs and against octbytes and the comb's range are logged as report values	kit-zmem	zmem-write-gran/zcmp-fit zmem-write-gran/zcmp-zupd-fit	run_slope reject_saving	range:rel:15	rdp.write-run item:16.masked-burst item:16.zcomb-run-count	rdp-write-granularity.md; hardware-corpora.md #3 #17; issue #16	power-on
ri-priority	Which RDRAM client wins against the CPU, and can SP DMA, the RDP or PI DMA starve it (rdram-bus-arbitration.md Q1)?	32 timed uncached loads with the VI blanked, idle and while a 16 KiB SP DMA, an 8 KiB PI DMA, an RDP fill list and an RDP IM_RD list run, in the client's bank and in bank 5: ticks added per load over idle. A client with priority starves the CPU (extra about 55 or more, the client finishes first); CPU priority gives about 0; first come first served (the fork) about one burst: SP 9.5 / 19.3, PI 0.2 / -0.1, RDP fill 6.6 / 10.4, IM_RD 11.2 / 1.1	kit-bus	bus-derived/all	ri-sp-rd-16k-own-extra-per-load ri-sp-rd-16k-bank5-extra-per-load ri-pi-8k-own-extra-per-load ri-pi-8k-bank5-extra-per-load ri-rdp-fill-own-extra-per-load ri-rdp-fill-bank5-extra-per-load ri-rdp-imrd-own-extra-per-load ri-rdp-imrd-bank5-extra-per-load	range:abs:0.5	ri.arbitration ri.rank.other ri.rank.vi item:16.ri-priority	rdram-bus-arbitration.md Q1; hardware-corpora.md #4	power-on
ri-reorder	Does the RI reorder same-bank different-row requests (rdram-bus-arbitration.md Q2)?	the SP DMA's time with the CPU's loads in its own bank less with them in bank 5 (in-order service with row misses: a large positive value, the fork 232 ticks; an RI that serves the open row first: about 0), and the DMA's slowdown against running alone	kit-bus	bus-derived/all	ri-reorder-own-minus-bank5 ri-sp-bank5-minus-alone	range:abs:10	ri.arbitration item:16.ri-reorder	rdram-bus-arbitration.md Q2	power-on
tmem-load-rate	What is the TMEM load rate (MiSTer RTL 8 B per clock, 0.125 clk/B, vs the jgemu dpc_probe law about 15 clocks + 0.418 clocks per byte; the fork reads 0.703 clk/B + 7)?	DPC_TMEM of 1 and 4 back-to-back Load Block and Load Tile commands of 8-4096 B: the per-load cost (4 loads less 1, over 3) fit against bytes. TMEMBUSY is a gated counter; DPC_CLOCK carries the CPU's MI_INTR poll quantum (about 17 rclk) and is not used	kit-tex	tex-derived/all	load-block-clk-per-byte load-tile-clk-per-byte	range:rel:3	rdp.tmem-load-rate bench:rdp-loadsz-sweep	jgemu-dpc-probe.md; issue #16 (from #2)	power-on
fill-copy-rate	What is the fill and copy mode rate (SDK 12.1.4/12.1.5 8 B per rclk; the fork reads fill 6.69 B/clk at 16 bpp, 6.44 at 32 bpp, copy 2.21)?	DPC_PIPEBUSY of 8-line fill rectangles at 16 and 32 bpp and copy-mode texture rectangles at 16 bpp, widths 8-320: bytes per clock from the slope against bytes	kit-tex	tex-derived/all	fill-b16-bytes-per-clk fill-b32-bytes-per-clk copy-b16-bytes-per-clk	range:rel:3	rdp.fill-copy-rate thar0:fill-mode	checks.tsv thar0:fill-mode; SDK 12.1.4/12.1.5	power-on
vi-fetch-modes	How many lines does the VI fetch per output line in each AA mode and scale, does it fetch outside the H and V video windows, and does a register written mid-field take effect at the next line (vi.lines-per-output-line, vi.aa-mode-lines, vi.register-sample, vi.display-window)?	uncached loads done in a 10-line window in the VI's bank, VI on, against the same window outside V_VIDEO (no fetch): loads lost per case. Each fetched line costs about 41 loads; the fork fetches three per output line whatever AA_MODE, X_SCALE or Y_SCALE say (about 122 lost), about 68 with H_VIDEO halved, -1 above ares's display window, and a late blank or V_VIDEO change stops the loss within the field (per-line register sampling)	kit-bus	bus-derived/all	vi-base-loads-lost vi-aa0-loads-lost vi-aa1-loads-lost vi-aa3-loads-lost vi-x-0.25-loads-lost vi-x-1.0-loads-lost vi-x-2.0-loads-lost vi-y-0.5-loads-lost vi-y-2.0-loads-lost vi-aa3-y-2.0-loads-lost vi-hvideo-half-loads-lost vi-vvideo-early-loads-lost vi-x-2.0-late-loads-lost vi-vi-blank-late-loads-lost vi-vvideo-outside-late-loads-lost vi-base-bank5-loads-lost	range:abs:6	vi.lines-per-output-line vi.aa-mode-lines vi.register-sample vi.display-window vi.burst item:16.vi-rows-per-line	hardware-corpora.md #22; vi-fetch.md	power-on
cpu-exceptions	What do store AdE, TLB store miss, TLB Mod, a fetch-stage address error, the watch exception, interrupt entry (software IP and COMPARE) and a CTC1-raised FPU exception cost, and an isolated ERET?	COUNT from the faulting instruction to handler entry, read in both COUNT parities so min is the entry in pclk (the harness adds 1; N nops read N+1), and how many of 4 shots entered the handler. AdEL reads 6 as nemu64's JustFire; the fork reads 6 for AdES, TLBS and Mod (inferred to share the load's stage), fetch AdE 4 against a plain jr 3 (the fetch-fault slot), CTC1 FPE 2, software interrupt 4, ERET 4 (3 net). The fork never raises Watch (fired 0); the COMPARE interrupt resolves only to 1 tick	kit-cpu2	cpu2-base/* cpu2-exc/*	min fired	exact	cpu.exc-ex cpu.issue cpu.exc-fpu cpu.eret cpu.irq-sample item:fu.exc-entry	t7b; t7c; verify-61; followups T7c	power-on
cache-ops	What does each CACHE op cost on an absent, clean and dirty line, and what does it leave for the next access?	each I- and D-cache CACHE op over 8 entry phases: the op's lowest ticks, its sum over the 8 (sum / 4 - 1 = phase-averaged pclk; an op that costs only its slot reads 8), and the next load's lowest ticks (hit 1-2, miss 21, dirty writeback then miss 28-29). Fork: Index Load Tag about 6 pclk, I-cache Fill 19 ticks, the rest their slot	kit-cpu2	cpu2-cache/*	min next_min	range:abs:1	cpu.cache-index-load-tag item:16.cache-ops	hardware-corpora.md #5; cpu.cache-index-load-tag note	power-on
nemu64-cycle-console	Do the nemu64-test cycle cases pass on this console: self-modifying code within a basic block (cpu.fetch-ahead-slots: 2 vs 3 slots) and the CTC1-raised exception's Cause.CE?	every nemu64-test cycle value's pass or fail, the data cpu.fetch-ahead-slots and cpu.ctc1-fpe-ce were fit to, re-measured on this console	nemu64-cycle	*	v0	exact	cpu.fetch-ahead-slots cpu.ctc1-fpe-ce	verify-85 2b; t7d	power-on
nemu64-cop0hazard-console	Do the nemu64-test cop0hazard cases pass on this console: the COUNT write hold, the software-interrupt sample points and Random read early?	every nemu64-test cop0hazard value's pass or fail, the data the COUNT hold, the interrupt sampler and the Random/Wired rules were fit to, re-measured on this console (COMPARE's power-on value shows in the COUNT case, which wraps through Compare = 0)	nemu64-cop0hazard	*	v0	exact	cpu.count-write-hold cpu.irq-sample cpu.random-rule cpu.wired-write-latency item:fu.power-on-compare	verify-85 2b; t7c	power-on
dom2-read	What does a cartridge domain-2 word read cost (legacy.pi.cart-read charges 250 pclk)?	an uncached LW from the SRAM the kit logs to, under hw_init's domain-2 timing (LAT 5, PWD 12, PGS 13, RLS 2), against the cached baseline	kit-cpu	bus-reads/*	min	range:abs:2	legacy.pi.cart-read	legacy row ares/n64/pi/bus.hpp; verify-85 2b	power-on
pi-row-end	Does a PI DMA whose first block ends at an RDRAM row end cost what the model charges?	pi-dma-sizes' 8, 128 and 1024 B DMAs into RDRAM 8 B and 64 B before a 2 KiB row end, poll walked	kit-dma	pi-dma-rowend/*	min max2	range:abs:4	item:fu.pi-row-end	verify-85 2b followups	power-on
noise-stall	Does the noise LFSR step during in-span memory stalls (an IM_RD rectangle stalls on its reads)?	the pixels of a 256 px NOISE rectangle with IM_RD on	kit-noise	snap/im-rd-stall	hash	exact	item:16.noise-idle-stall rdp.noise-pixel-offset	issue #16 (from #18); rdp-noise.md Q2	power-on
noise-reset	Does the Reset button reload the noise LFSR's all-ones power-on state?	kit-noise's pixels captured after a Reset (file *.reset.*) against the fork's power-on run: equal hashes mean a reset reloads the state	kit-noise	snap/*	hash	exact	item:16.noise-reset-state	issue #16 (from #18)	reset
vi-mid-field-blank	What does the VI do on a blank and re-enable in the middle of a field (V_CURRENT, the first line fetched)?	k_vi_enable with the blank written mid-field instead of in vertical blank	none: blocked by #84, the fork crashes in VI::compose on a mid-field blank, so no model side exists	-	-	-	item:fu.vi-mid-field-blank #84	issue #84	power-on
tmem-load-setup	What is a TMEM load's fixed cost (jgemu about 15 clocks with its paired Sync Load, the fork 7)?	the intercept of the same per-load fit as tmem-load-rate	kit-tex	tex-derived/all	load-block-intercept load-tile-intercept	range:abs:3	rdp.tmem-load-rate	jgemu-dpc-probe.md	power-on
loadtile-rows	Does Load Tile pay a per-row cost over Load Block (issue #16, LoadTile vs LoadBlock per-row overhead via DPC_TMEM)?	DPC_TMEM of 2048 B loaded by Load Tile as 1 row of 2048 B down to 256 rows of 8 B, against one Load Block of 2048 B: any per-row cost of 1 clock or more shows as 255 clocks or more at 256 rows (the fork reads 0)	kit-tex	tex-derived/all	rows256-minus-block2048	range:abs:4	item:16.loadtile-loadblock rdp.tmem-load-rate	issue #16 (from #2)	power-on
copy-passfail	What do copy-mode words cost when alpha compare passes, fails, or splits a word (issue #16 from #17: pass/fail/pass/fail word cost)?	DPC_PIPEBUSY of 256x8 copy rectangles with alpha compare all pass, all fail, 4 pass / 4 fail per 64-bit word and alternating per texel, as ratios to all pass (a masked-word model gives 1 everywhere; the fork skips rejected words: fail 0.357, word 0.746, texel 1.646)	kit-tex	tex-derived/all	copyac-fail-ac1-over-pass copyac-word-ac1-over-pass copyac-texel-ac1-over-pass copyac-fail-ac0-over-pass	range:rel:3	item:16.copy-passfail rdp.fill-copy-rate	issue #16 (from #17)	power-on
copy-passfail-pixels	Which texels does a copy-mode rectangle with alpha compare write?	an FNV hash of the surface and the count of written halfwords after each copy-mode alpha-compare rectangle	kit-tex	tex-copyac/*	hash changed	exact	item:16.copy-passfail	issue #16 (from #17)	power-on
attribute-stage	How many pixels of a rectangle in flight does an unsynced texture tile, blender, z_mode or dither change reach, in 1- and 2-cycle mode (n64brew 'Effect of unsynced attribute changes', rdp.attribute-stage)?	two 64x4 rectangles with the attribute changed between them, unsynced and with a pipe (and tile) sync: the hazard tail in pixels (the first pixel that differs to the region end) and a hash of the surface. Fork 1-cycle tails: tile 13, blender 26, z_mode (decal to opaque) 27, dither 29, matching the table; z_mode opaque to decal reads 0, a fork defect (the tail keeps the first pass's pixels)	kit-tex	tex-attr/*	tail hash	exact	rdp.attribute-stage rdp.pipeline-depth item:fu.rect-tail-twice	T15; followups T15; rdp-command-timing.md	power-on
attribute-sync-cost	What does a pipe or tile sync between two rectangles cost when an attribute changes?	DPC_PIPEBUSY of the synced pair less the unsynced pair, for the tile, blender and dither cases in 1- and 2-cycle mode (the z_mode clocks depend on the points before them and are not used)	kit-tex	tex-derived/all	attr-tile-c1-pipe-sync-cost attr-tile-c1-tile-sync-cost attr-blender-c1-pipe-sync-cost attr-dither-c1-pipe-sync-cost attr-tile-c2-pipe-sync-cost attr-tile-c2-tile-sync-cost attr-blender-c2-pipe-sync-cost attr-dither-c2-pipe-sync-cost	range:abs:3	rdp.sync-full rdp.attribute-stage	T15	power-on
write-granularity-pixels	Does the Z comb write exactly the pixels that pass?	the count of written pixels after each comb rectangle (1280 for most N, 2560 all pass, 0 all fail), so a console that misreads the comb is caught before its clocks are trusted	kit-zmem	zmem-write-gran/*	count	exact	rdp.write-run	rdp-write-granularity.md	power-on
atomic-contention	Does the ATOMIC_PRIM cost grow with Z and RDRAM traffic (issue #16 from #19)?	N = 16 and 64 overlapping 16x4 rectangles with ATOMIC_PRIM off and on, plain, with Z_CMP+Z_UPD and with IM_RD: the per-primitive cost ((on64 - on16) - (off64 - off16)) / 48. A fixed dead-cycle cost keeps the three equal; the fork's barrier waits for the last write and reads 34.67, 52.46, 48.44 rclk	kit-zmem	zmem-atomic/*-cost	atomic_rclk	range:abs:3	rdp.atomic-dead item:16.atomic	issue #16 (from #19); 1prim-cost.md	power-on
imrd-zcmp-slots	Do the IM_RD and Z_CMP prefetches share the span's stream slots (issue #16 from #20)?	DPC_CLOCK of 8-line rectangles 8-320 px wide, plain, IM_RD, Z_CMP and both (Z all pass, no update): the extra time with both over the sum of the extras alone (about 1: the streams serialize or share slots; both over the larger extra about 1: they overlap). Fork 0.82-1.10	kit-zmem	zmem-slots/overlap-*	both_over_sum	range:abs:0.05	rdp.span-slots rdp.span-read-latency item:16.imrd-zcmp-slots	issue #16 (from #20); span-ram.md	power-on
clobber	With IM_RD on and atomic off, does an overlapping second primitive read stale color, and does a fully rejected one write back a stale block or a masked block (issue #16 from #17)?	two one-row shade triangles in the same span with no sync, 8 and 64 px: whether the blend matches a read of the cleared row (stale) or the first triangle's pixels (coherent), and how many of the first triangle's pixels survive a rejected second one. Fork: stale at both widths (cen64 expects stale only at 8 px), no block write-back	kit-zmem	zmem-clobber/w8 zmem-clobber/w64	stale_read first_kept block_writeback	exact	item:16.clobber rdp.atomic-dead	issue #16 (from #17); rdp-write-granularity.md test 3	power-on
xbus-fetch-rate	How fast does the RDP fetch commands over the X bus from DMEM against RDRAM (model-choice 8 B per rclk)?	DPC_CLOCK of 64 and 448 NOPs and 16 and 128 8x1 rectangles, fetched from RDRAM and from DMEM with SET_XBUS: rclk per command from the difference. The fork reads 1.0 (DMEM) and 1.276 (RDRAM) per NOP, and 12.955 per rectangle from both. 1 rclk per NOP is also the execution floor, so a console reading of 1.0 only bounds the X bus at 8 B per rclk or faster	kit-zmem	zmem-xbus/nop-rate zmem-xbus/rect-rate	dmem_rclk_per_cmd rdram_rclk_per_cmd	range:abs:0.1	rdp.xbus-fetch-rate rdpstat:xbus	rdp-command-timing.md Command fetch row	power-on
rdp-hold	Does an unsynced setter appended to the list after a rectangle is in flight still reach the rectangle (the fork's hold sees only commands already in the FIFO)?	a 320x16 PRIMITIVE-red rectangle, then an unsynced Set Combine selecting ENVIRONMENT green: the green pixel count when the list is submitted whole and when DPC_END is moved past the setter 0-6000 COUNT ticks later. The fork recolors 24 px whole and at 0 ticks, none later	kit-zmem	zmem-hold/*	count	exact	item:fu.rdp-hold rdp.attribute-stage	followups T15	power-on
triangle-setup	What does triangle setup cost per type (issue #16 from #2: many 1 px triangles)?	DPC_CLOCK of 16 and 64 one-pixel fill, Z, shade and shade+Z triangles: rclk per triangle (fork 13.33, 13.33, 18.67, 20.44; the slope includes fetching each type's 4, 6, 12 or 14 dwords). Textured types are not built (they need TMEM setup and an unchecked encoder)	kit-zmem	zmem-tri/*-setup	rclk_per_tri	range:abs:1	item:16.triangle-setup	issue #16 (from #2)	power-on
pipebusy-stall	Does DPC_PIPEBUSY count memory-stall cycles (issue #16 from #2, #3)?	a 320x48 rectangle plain, with IM_RD and with IM_RD+Z_CMP+Z_UPD, VI off and on: PIPEBUSY's share of the extra DPC_CLOCK that IM_RD adds (about 1: PIPEBUSY counts stalls; about 0: it counts pipeline work only), and its share of the extra the VI adds. Fork 1.0 and 0.996-1.001	kit-zmem	zmem-pipebusy/summary	imrd_pipe_share imrd_vi_pipe_share imrd-zcmp-zupd_vi_pipe_share	range:abs:0.05	item:16.pipebusy-stall	issue #16 (from #2, #3)	power-on
load-interlock-cop	Does an LWC1 or LDC1 result stall an FPU reader in the next slot, does COP2 check rt only after a load, and does BC1 check its rt field against a pending load (cpu.ldi's inferred extensions)?	COUNT of a load and its reader next to each other, one slot apart and independent: next equal to the gap case and one over the independent case is a 1 pclk interlock (fork 1 for LWC1/ADD.S, LDC1/ADD.D, LW/MTC1, LW/MTC2, LW/MFC2 and the BC1T rt bits). COP2 points set Status.CU2 only for themselves	kit-cpu2	cpu2-ldi/*	min	exact	cpu.ldi	NEC VR4300 UM s.4.6.5; cpu.ldi note	power-on
fpu-classes	Do FPU operand classes the nemu64 COP1 tables do not sample follow the fork's trivial-operand and exception-detection rules?	COUNT and whether the E cause raised for DIV.D by 0 and of 0, MUL.S/MUL.D by powers of two and denormals, a NaN SUB.S, -Inf ADD.D, SQRT.D of a negative, CEIL.W.S around 2^31, TRUNC.L.D at 2^40, 2^52 and 2^54 (narrowing the (0.5, 2^53] to-L threshold), CVT from 0 and 1. Fork: trivial classes 2 pclk against 5-58 for controls, operand-raised 2+5, result-raised 5+5	kit-cpu2	cpu2-fpu/*	min fired	exact	cpu.fpu-trivial cpu.exc-fpu-detect	verify-61; cpu.fpu-trivial and cpu.exc-fpu-detect notes	power-on
cache-ops-sum	The phase-averaged cost of each CACHE op (cache-ops' op_sum)	the sum over 8 entry phases of each CACHE op (largest fork spread over boot delays 2)	kit-cpu2	cpu2-cache/*	op_sum	range:abs:3	cpu.cache-index-load-tag item:16.cache-ops	hardware-corpora.md #5	power-on
wb-drain-target	How long does a load wait behind N = 0-4 buffered stores, per store target (RDRAM, an RCP register, the PI) and per load target (issue #16 from #6 and #26)?	COUNT of N stores then one load, for stores to RDRAM, SP_SEMAPHORE and cartridge space (a PI I/O write) and loads from RDRAM, MI_VERSION, cartridge space and a D-cache hit. Fork per store: 8-15 ticks for RDRAM, 4 for the RCP register and the PI; a cartridge read does not wait for a pending PI write (flat 105)	kit-cpu2	cpu2-wb/*	min	range:abs:1	cpu.wb-release cpu.wb-block-entries sysad.register-write item:16.wb-drain-target	issue #16 (from #6, #26); vr4300-wb.md	power-on
ri-priority-overlap	Was each bus client still running when the timed loads ended?	busy_after per ri-priority point (1: the client overlapped all 32 loads); a 0 on the console means the loads waited for the client to finish	kit-bus	bus-ri/*	busy_after	exact	ri.arbitration item:16.ri-priority	rdram-bus-arbitration.md Q1	power-on
ai-rate	What DAC rate does the AI run at before any AI_DACRATE write (legacy 44100 Hz), and does AI_DACRATE = N give N + 1 VCLK per sample (1103 vs 1104 for 44.1 kHz)?	two 1 KiB AI buffers queued, timed from the full flag clearing to AI_LEN reaching 0, at power-on (the ROM writes no AI register before it) and at AI_DACRATE 1102 and 1103: VCLK per sample from the span ratio to the 1102 point (taken as 1103 VCLK), which cancels the VI:COUNT crystal ratio. Fork 1103.0 and 1104.03. If IPL3 or the PIF writes AI_DACRATE, the power-on point measures that value	kit-bus	bus-derived/all	ai-power-on-vclk ai-dacrate-1103-vclk	range:abs:0.3	legacy.ai.power-on-rate	legacy row ares/n64/ai/ai.cpp; followups (DACRATE truncation)	power-on
ai-fetch	In what steps does AI_LEN count down (ai.fetch-bytes: 8 B at a time per US 6,166,748)?	AI_LEN's changes over a 1 KiB buffer: the number of changes and the smallest and largest step (the fork reads 256 changes of 4 B; a step of 8 shows 128 changes)	kit-bus	bus-ai/*	changes step_min step_max len_first	exact	ai.fetch-bytes	dma-timing.md; US 6,166,748	power-on
vi-fetch-position	Where in the line does the VI fetch, inside H_VIDEO or over the whole line?	with H_VIDEO halved, the loads lost in the late half of the window less the early half (fork 55-66: inside H_VIDEO; a whole-line fetch gives about 0)	kit-bus	bus-derived/all	vi-hvideo-half-late-minus-early	range:abs:20	vi.display-window vi.fetch-window	hardware-corpora.md #22	power-on
vi-blank-counting	Does the VI count lines (and the RI refresh run) while the VI is blanked?	whether the blanked-VI window times out waiting for V_CURRENT (the fork stops V_CURRENT: timeout 1); a console timeout of 0 means the VI counts lines while blank	kit-bus	bus-vi/vi-blank	timeout	exact	ri.refresh-trigger #77	issue #77; vi-fetch.md	power-on
refresh-all-banks	Does the 52/54-clock refresh holdoff block every bank (issue #16 from #4)?	loads of 30 ticks or more over a window with no VI fetch (V_VIDEO ends at 0x80), in each of banks 0-7: a bank the refresh does not hold off reads 0 (the fork 10-12 in every bank). The holdoff's excess latency (28-29 ticks on the fork) is logged as a report value; it cannot tell 52 from 54 rclk	kit-bus	bus-derived/all	refresh-bank0-hits refresh-bank1-hits refresh-bank2-hits refresh-bank3-hits refresh-bank4-hits refresh-bank5-hits refresh-bank6-hits refresh-bank7-hits	range:abs:2	ri.refresh-trigger ri.refresh-waits-for-burst item:16.refresh-all-banks	issue #16 (from #4)	power-on
vi-intr-latency	How long after V_CURRENT reaches V_INTR does MI_INTR show the VI interrupt (#24)?	a poll loop reading MI_INTR then V_CURRENT, its phase walked over 16 reps: V_CURRENT at the first poll that saw the interrupt and the mean lag in ticks (fork 256 and about 11-15; a half-line or end-of-line interrupt shows about 1490 or 2979). Under about 6 ticks does not resolve: the poll is 31 ticks	kit-bus	bus-vintr/v-intr bus-derived/all	v_at_intr vintr-mean-lag	range:abs:6	item:16.vi-intr-latency	issue #16 (from #24)	power-on
vi-rcp-phase	Where is the VI's line counter against COUNT when the kit starts (VI vs RCP clock-domain phase at power-on, #24)?	COUNT at the first V_CURRENT change the kit sees and V_CURRENT around it, after hw_init, the header and vi_init (the runtime owns the boot path, so it is not the first change after power-on). A report value: power cycles of the console spread it, the fork has one value per boot delay	kit-bus	bus-vi-phase/*	v_before v_after	range:abs:2	item:16.vi-rcp-phase	issue #16 (from #24)	power-on
vi-unfetched-video	What does the VI show for a pixel no fetched line covers (Y_SCALE above one line per output line, X_SCALE past the line; vi.unfetched-sample)?	a video capture of the VI's output; the CPU cannot read the VI's output and the value has no bus-timing signature	none: needs a video capture of the VI output, which the kit's ingestion does not read	-	-	-	vi.unfetched-sample vi.fetch-overrun	vi-fetch.md; kit-bus report	power-on
