id	reason
scheduler.tie-rank	not-hardware-decidable: the order the emulator's scheduler breaks a same-unit tie in; a console has no scheduler and no observable that orders two events inside one 1.3 ns unit
ri.request-latency	not-hardware-decidable: one 750 MHz unit (1.3 ns) between a request's post and the arbiter, chosen so a decision never races a post at the same time; no console measurement resolves 1.3 ns, and the fork's results do not move with it (det, stepcap)
legacy.clock.vclk-pal	not-hardware-decidable: on the NTSC target, since the PAL VI clock needs a PAL console, outside the NTSC NUS-001 target (map #1)
legacy.cpu.sysad-frozen-step	not-hardware-decidable: the emulator's step while the SysAD is frozen, an interpreter quantum with no console counterpart (T6 replaced the frozen SysAD with the SysAD port model)
legacy.pif.step-quantum	not-hardware-decidable: the PIF HLE's boot-handshake poll period, an emulator quantum; the handshake runs in the PIF boot ROM before any kit code
legacy.pif.boot-timeout	not-hardware-decidable: by a kit ROM, since measuring it means withholding the CIC boot handshake until the PIF locks the console, and the handshake runs in IPL3 before any kit code; only a modified IPL3 could, which the kit does not ship
legacy.cart.eeprom-write	not-hardware-decidable: with a flashcart, since a flashcart emulates the EEPROM in its FPGA with its own timing, and a kit ROM cannot run from a retail cartridge that carries the real chip
legacy.cart.rtc-tick	not-hardware-decidable: with a flashcart, since the RTC is a cartridge chip (Animal Forest's); a flashcart's RTC emulation is not the chip, and a kit ROM cannot run from the retail cartridge
legacy.cart.flash-mx-sector-erase	not-hardware-decidable: with a flashcart, since the Macronix flash is a cartridge chip; a flashcart emulates it with its own timing, and a kit ROM cannot run from a retail cartridge
legacy.cart.flash-mx-chip-erase	not-hardware-decidable: with a flashcart, since the Macronix flash is a cartridge chip; a flashcart emulates it with its own timing, and a kit ROM cannot run from a retail cartridge
legacy.cart.flash-mx-program	not-hardware-decidable: with a flashcart, since the Macronix flash is a cartridge chip; a flashcart emulates it with its own timing, and a kit ROM cannot run from a retail cartridge
legacy.cart.flash-mn63-sector-erase	not-hardware-decidable: with a flashcart, since the Matsushita flash is a cartridge chip; a flashcart emulates it with its own timing, and a kit ROM cannot run from a retail cartridge
legacy.cart.flash-mn63-chip-erase	not-hardware-decidable: with a flashcart, since the Matsushita flash is a cartridge chip; a flashcart emulates it with its own timing, and a kit ROM cannot run from a retail cartridge
legacy.cart.flash-mn63-program	not-hardware-decidable: with a flashcart, since the Matsushita flash is a cartridge chip; a flashcart emulates it with its own timing, and a kit ROM cannot run from a retail cartridge
item:fu.pif-ram-dword	not-hardware-decidable: by a kit ROM, since a 64-bit CPU read outside RDRAM freezes the SysAD (ares Bus::freezeDualRead, after n64-systemtest); measured: the kit's LD from PIF RAM froze the fork's CPU, so a console run would hang
legacy.cpu.nmi-entry	not-hardware-decidable: NMI comes from the Reset button through the PIF, and no CPU counter can timestamp the press, so the entry latency has no start time to measure from
